exposure_label,n_deaths,total_yll,mean_yll_per_death,median_yll_per_death
other_cancer_icu,803,14563.799999999963,18.13673723536737,16.4
probable,653,12515.799999999987,19.166615620214394,16.4
