group,n_cases,total_yll,yll_per_case
possible,2572,3171.7000000000003,1.2331648522550545
probable,1655,1058.5,0.6395770392749245
high_confidence,1240,11477.29999999999,9.255887096774186
